<?xml version="1.0" encoding="UTF-8" standalone="yes"?>
<addon id="repository.addon.module" name="AddonModule" version="1.0.0" provider-name="Thirdy">
    <extension point="xbmc.addon.repository" name="AddonModule">
        <dir>
            <info compressed="false">https://raw.githubusercontent.com/thoffical/addonmodule.omegapiers/master/addons.xml</info>
            <checksum>https://raw.githubusercontent.com/thoffical/addonmodule.omegapiers/master/addons.xml.md5</checksum>
            <datadir zip="true">https://raw.githubusercontent.com/thoffical/addonmodule.omegapiers/master/</datadir>
        </dir>
    </extension>
    <extension point="xbmc.addon.metadata">
        <summary>the repository of addonmodule</summary>
        <description>Find light skins or services/scripts here</description>
        <disclaimer>All rights to the owners</disclaimer>
        <platform>all</platform>
        <assets>
            <icon>icon.png</icon>
        </assets>
    </extension>
</addon>
