<?xml version="1.0" encoding="UTF-8" standalone="yes"?>
<addon id="script.revolve.service" name="Revolve Skin Script" version="2.0.1" provider-name="Malthus">
	<requires>
		<import addon="xbmc.python" version="3.0.0"/>
		<import addon="xbmc.addon" version="17.0.0"/>
	</requires>
	
	<extension point="xbmc.python.library" library="default.py" />
	<extension point="xbmc.addon.metadata">
		<language></language>
		<summary lang="en">Revolve skin script</summary>
		<description lang="en">Script that realizes some necessary functions for the Revolve skin.[CR][CR]Script by Malthus.</description>
        <disclaimer lang="en"></disclaimer>
		<platform>all</platform>
		<license>GNU General Public License, Version 2</license>
		<forum></forum>
		<website></website>
        <email></email>
		<source>https://github.com/Malthus/script.revolve.service</source>
	</extension>
</addon>
